<?xml version="1.0" encoding="UTF-8"?>
<beans xmlns="http://www.springframework.org/schema/beans"
    xmlns:xsi="http://www.w3.org/2001/XMLSchema-instance"
	xsi:schemaLocation="http://www.springframework.org/schema/beans http://www.springframework.org/schema/beans/spring-beans-3.0.xsd">
	
	<bean id="login" class="com.samsung.assignment.users.view.LoginController"/>
	<bean id="logout" class="com.samsung.assignment.users.view.LogoutController"/>
	
	<bean id="getBoardList" class="com.samsung.assignment.board.view.GetBoardListController"/>
	<bean id="getBoardView" class="com.samsung.assignment.board.view.GetBoardViewController"/>
	<bean id="updateSave" class="com.samsung.assignment.board.view.UpdateSaveController"/>
	<bean id="insertNewBoard" class="com.samsung.assignment.board.view.InsertNewBoardController"/>
	<bean id="deleteBoard" class="com.samsung.assignment.board.view.DeleteBoardController"/>
	<bean id="reply" class="com.samsung.assignment.board.view.ReplyController"/>
	<bean id="insertReply" class="com.samsung.assignment.board.view.InsertReplyController"/>
	<bean id="search" class="com.samsung.assignment.board.view.SearchController"/>
	
	<bean id="handlerMapping" class="org.springframework.web.servlet.handler.SimpleUrlHandlerMapping">
		<!-- SimpleUrlHandlerMapping은 mapping라는 메서드를 이미 가지고 있음 -->
		<property name="mappings">
			<props>
				<prop key="/login.do">login</prop>
				<prop key="/logout.do">logout</prop>
				<prop key="/getBoardList.do">getBoardList</prop>
				<prop key="/getBoardView.do">getBoardView</prop>
				<prop key="/updateSave.do">updateSave</prop>
				<prop key="/insertNewBoard.do">insertNewBoard</prop>
				<prop key="/deleteBoard.do">deleteBoard</prop>
				<prop key="/reply.do">reply</prop>
				<prop key="/insertReply.do">insertReply</prop>
				<prop key="/search.do">search</prop>
			</props>
		</property>
	</bean>
	<!-- handleRequest 메서드의 역할(controller interface)을 하는 게 필요함
		각 Controller가 springframework의 Controller을 구현 -->
</beans>
